<?xml version='1.0' encoding='UTF-8'?>
<definition>
  <mod file="\Moria\Character\AI\DT_Loot.json">
  </mod>
  <mod file="\Moria\Mods\100BuildingsPack\BP_CraftingStation_TelcharForge.json">
  </mod>
  <mod file="\Moria\Mods\100BuildingsPack\BP_DM_Dwarf_Memorial_A_Breakable.json">
  </mod>
  <mod file="\Moria\Mods\100BuildingsPack\BP_ForgeUpgrade_GemCutter.json">
  </mod>
  <mod file="\Moria\Mods\100BuildingsPack\BP_OrcHunter_Rug_Warg_B.json">
  </mod>
  <mod file="\Moria\Mods\100BuildingsPack\BP_PlacedTorch_Wall.json">
  </mod>
  <mod file="\Moria\Mods\100BuildingsPack\BP_Suburbs_Wall_Thin_1x3m_A.json">
  </mod>
  <mod file="\Moria\Mods\100BuildingsPack\BP_Suburbs_Wall_Thin_3x4m_A.json">
  </mod>
  <mod file="\Moria\Mods\100BuildingsPack\Constructions\Icons\T_UI_BuildIcon_100BuildingsPack_GimlisMap_A.json">
  </mod>
  <mod file="\Moria\Mods\100BuildingsPack\Constructions\Icons\T_UI_BuildIcon_100BuildingsPack_GraniteBarrier45_A.json">
  </mod>
  <mod file="\Moria\Mods\100BuildingsPack\Constructions\Icons\T_UI_BuildIcon_100BuildingsPack_GraniteWall45_A.json">
  </mod>
  <mod file="\Moria\Mods\100BuildingsPack\Constructions\Icons\T_UI_BuildIcon_100BuildingsPack_GuardStatue_A.json">
  </mod>
  <mod file="\Moria\Mods\100BuildingsPack\Constructions\Icons\T_UI_BuildIcon_100BuildingsPack_HangingIronLantern_A.json">
  </mod>
  <mod file="\Moria\Mods\100BuildingsPack\Constructions\Icons\T_UI_BuildIcon_100BuildingsPack_TelcharForge_A.json">
  </mod>
  <mod file="\Moria\Mods\100BuildingsPack\GameplayEffects\GE_TobiHammer.json">
  </mod>
  <mod file="\Moria\Mods\100BuildingsPack\Materials\MI_Forge_Base.json">
  </mod>
  <mod file="\Moria\Mods\100BuildingsPack\Materials\MI_Forge_Body.json">
  </mod>
  <mod file="\Moria\Mods\100BuildingsPack\Materials\MI_Forge_Circle.json">
  </mod>
  <mod file="\Moria\Mods\100BuildingsPack\Materials\MI_Forge_Top.json">
  </mod>
  <mod file="\Moria\Mods\100BuildingsPack\Materials\MI_Generic_Metal.json">
  </mod>
  <mod file="\Moria\Mods\100BuildingsPack\Materials\MI_Map.json">
  </mod>
  <mod file="\Moria\Mods\100BuildingsPack\Materials\MI_Statue_Single.json">
  </mod>
  <mod file="\Moria\Mods\100BuildingsPack\Materials\MI_Telchar_Hammer.json">
  </mod>
  <mod file="\Moria\Mods\100BuildingsPack\Materials\Textures\Forge\Forge_Base_ALB.json">
  </mod>
  <mod file="\Moria\Mods\100BuildingsPack\Materials\Textures\Forge\Forge_Base_NRM.json">
  </mod>
  <mod file="\Moria\Mods\100BuildingsPack\Materials\Textures\Forge\Forge_Base_ORM.json">
  </mod>
  <mod file="\Moria\Mods\100BuildingsPack\Materials\Textures\Forge\Forge_Body_ALB.json">
  </mod>
  <mod file="\Moria\Mods\100BuildingsPack\Materials\Textures\Forge\Forge_Body_NRM.json">
  </mod>
  <mod file="\Moria\Mods\100BuildingsPack\Materials\Textures\Forge\Forge_Body_ORM.json">
  </mod>
  <mod file="\Moria\Mods\100BuildingsPack\Materials\Textures\Forge\Forge_Circle_ALB.json">
  </mod>
  <mod file="\Moria\Mods\100BuildingsPack\Materials\Textures\Forge\Forge_Circle_NRM.json">
  </mod>
  <mod file="\Moria\Mods\100BuildingsPack\Materials\Textures\Forge\Forge_Circle_ORM.json">
  </mod>
  <mod file="\Moria\Mods\100BuildingsPack\Materials\Textures\Forge\Forge_Top_ALB.json">
  </mod>
  <mod file="\Moria\Mods\100BuildingsPack\Materials\Textures\Forge\Forge_Top_NRM.json">
  </mod>
  <mod file="\Moria\Mods\100BuildingsPack\Materials\Textures\Forge\Forge_Top_ORM.json">
  </mod>
  <mod file="\Moria\Mods\100BuildingsPack\Materials\Textures\Lamp\Generic_Metal_ORM.json">
  </mod>
  <mod file="\Moria\Mods\100BuildingsPack\Materials\Textures\Map\Map_Texture_ALB.json">
  </mod>
  <mod file="\Moria\Mods\100BuildingsPack\Materials\Textures\Map\Map_Texture_NRM.json">
  </mod>
  <mod file="\Moria\Mods\100BuildingsPack\Materials\Textures\Map\Map_Texture_ORM.json">
  </mod>
  <mod file="\Moria\Mods\100BuildingsPack\Materials\Textures\Statue\Statue_NRM.json">
  </mod>
  <mod file="\Moria\Mods\100BuildingsPack\Materials\Textures\Statue\Statue_NRM_4K.json">
  </mod>
  <mod file="\Moria\Mods\100BuildingsPack\Materials\Textures\Telchar_Hammer\Hammer_ALB.json">
  </mod>
  <mod file="\Moria\Mods\100BuildingsPack\Materials\Textures\Telchar_Hammer\Hammer_NRM.json">
  </mod>
  <mod file="\Moria\Mods\100BuildingsPack\Materials\Textures\Telchar_Hammer\Hammer_ORM.json">
  </mod>
  <mod file="\Moria\Mods\100BuildingsPack\Meshes\SM_Barrier_45_deg.json">
  </mod>
  <mod file="\Moria\Mods\100BuildingsPack\Meshes\SM_Lamp.json">
  </mod>
  <mod file="\Moria\Mods\100BuildingsPack\Meshes\SM_Map.json">
  </mod>
  <mod file="\Moria\Mods\100BuildingsPack\Meshes\SM_Statue.json">
  </mod>
  <mod file="\Moria\Mods\100BuildingsPack\Meshes\SM_TelcharForge.json">
  </mod>
  <mod file="\Moria\Mods\100BuildingsPack\Meshes\SM_Telchar_Hammer.json">
  </mod>
  <mod file="\Moria\Mods\100BuildingsPack\Meshes\SM_Wall_45_deg.json">
  </mod>
  <mod file="\Moria\Mods\AradrenPack\BP_City_Column_C_Base.json">
  </mod>
  <mod file="\Moria\Mods\AradrenPack\BP_City_Column_C_Capital.json">
  </mod>
  <mod file="\Moria\Mods\AradrenPack\BP_City_Column_C_Shaft.json">
  </mod>
  <mod file="\Moria\Mods\AradrenPack\BP_Suburbs_Wall_Thin_1x3m_A.json">
  </mod>
  <mod file="\Moria\Mods\AradrenPack\Constructions\Icons\T_UI_BuildIcon_AradrenPack_ColumnBase_A.json">
  </mod>
  <mod file="\Moria\Mods\AradrenPack\Constructions\Icons\T_UI_BuildIcon_AradrenPack_ColumnCapital_A.json">
  </mod>
  <mod file="\Moria\Mods\AradrenPack\Constructions\Icons\T_UI_BuildIcon_AradrenPack_ColumnShaft_A.json">
  </mod>
  <mod file="\Moria\Mods\AradrenPack\Constructions\Icons\T_UI_BuildIcon_AradrenPack_DecorativeBarrier_A.json">
  </mod>
  <mod file="\Moria\Mods\AradrenPack\Constructions\Icons\T_UI_BuildIcon_AradrenPack_Ladder_A.json">
  </mod>
  <mod file="\Moria\Mods\AradrenPack\Constructions\Icons\T_UI_BuildIcon_AradrenPack_MediumGraniteColumnBase_A.json">
  </mod>
  <mod file="\Moria\Mods\AradrenPack\Constructions\Icons\T_UI_BuildIcon_AradrenPack_MediumGraniteColumnCapital_A.json">
  </mod>
  <mod file="\Moria\Mods\AradrenPack\Constructions\Icons\T_UI_BuildIcon_AradrenPack_MediumGraniteColumnShaft_A.json">
  </mod>
  <mod file="\Moria\Mods\AradrenPack\Constructions\Icons\T_UI_BuildIcon_AradrenPack_RopeBarrier_A.json">
  </mod>
  <mod file="\Moria\Mods\AradrenPack\Constructions\Icons\T_UI_BuildIcon_AradrenPack_RopeBarrier_B.json">
  </mod>
  <mod file="\Moria\Mods\AradrenPack\Constructions\Icons\T_UI_BuildIcon_AradrenPack_RopeBarrier_C.json">
  </mod>
  <mod file="\Moria\Mods\BannersPack\Meshes\SM_ModBanner_A.json">
  </mod>
  <mod file="\Moria\Mods\BannersPack\Meshes\SM_ModBanner_B.json">
  </mod>
  <mod file="\Moria\Mods\BannersPack\Meshes\SM_ModBanner_C.json">
  </mod>
  <mod file="\Moria\Mods\BannersPack\Meshes\SM_ModBanner_D.json">
  </mod>
  <mod file="\Moria\Mods\BearGuildPack\BearGuild_Gloves\BP_BearGuild_Gloves_T4.json">
  </mod>
  <mod file="\Moria\Mods\BearGuildPack\BearGuild_Gloves\BP_BearGuild_Gloves_T5.json">
  </mod>
  <mod file="\Moria\Mods\BearGuildPack\BearGuild_Gloves\BP_BearGuild_Gloves_T6.json">
  </mod>
  <mod file="\Moria\Mods\BearGuildPack\BearGuild_Shield\EQ_Wonderful_TBDSet_Shield.json">
  </mod>
  <mod file="\Moria\Mods\BearGuildPack\GE_EreborSteel_TBDSet_GlovesArmor.json">
  </mod>
  <mod file="\Moria\Mods\BearGuildPack\GameplayEffects\GE_BearGuild_AntiDragon.json">
  </mod>
  <mod file="\Moria\Mods\BearGuildPack\GameplayEffects\GE_BearGuild_AntiOrc.json">
  </mod>
  <mod file="\Moria\Mods\BearGuildPack\GameplayEffects\GE_BearGuild_Bludgeon.json">
  </mod>
  <mod file="\Moria\Mods\BearGuildPack\GameplayEffects\GE_BearGuild_Hunter.json">
  </mod>
  <mod file="\Moria\Mods\BearGuildPack\GameplayEffects\GE_BearGuild_PiercingBolt.json">
  </mod>
  <mod file="\Moria\Mods\BearGuildPack\GameplayEffects\GE_BearGuild_Thunder.json">
  </mod>
  <mod file="\Moria\Mods\BearGuildPack\GameplayEffects\GE_BearGuild_WatcherEye.json">
  </mod>
  <mod file="\Moria\Mods\BearGuildPack\GameplayEffects\GE_UnarmedAttackBoost_T3.json">
  </mod>
  <mod file="\Moria\Mods\BearGuildPack\GameplayEffects\GE_UnarmedAttackBoost_T4.json">
  </mod>
  <mod file="\Moria\Mods\BearGuildPack\GameplayEffects\GE_UnarmedAttackBoost_T5.json">
  </mod>
  <mod file="\Moria\Mods\BearGuildPack\GameplayEffects\GE_UnarmedAttackBoost_T6.json">
  </mod>
  <mod file="\Moria\Mods\BearGuildPack\GlovesTest\BP_RedMountains_MinerSet_GlovesArmor.json">
  </mod>
  <mod file="\Moria\Mods\BearGuildPack\Icons\T_UI_Bludgeon_Damage_Buff.json">
  </mod>
  <mod file="\Moria\Mods\BearGuildPack\Icons\T_UI_Icon_BearGuild_Gloves_T4.json">
  </mod>
  <mod file="\Moria\Mods\BearGuildPack\Icons\T_UI_Icon_BearGuild_Gloves_T5.json">
  </mod>
  <mod file="\Moria\Mods\BearGuildPack\Icons\T_UI_Icon_BearGuild_Gloves_T6.json">
  </mod>
  <mod file="\Moria\Mods\BearGuildPack\Icons\T_UI_Icon_BearGuild_Shield.json">
  </mod>
  <mod file="\Moria\Mods\BearGuildPack\Icons\T_UI_Piercing_Buff.json">
  </mod>
  <mod file="\Moria\Mods\BearGuildPack\Icons\T_UI_WatcherEyeIcon_Buff.json">
  </mod>
  <mod file="\Moria\Mods\BearGuildPack\Materials\MI_BearGuild_Gloves_T6.json">
  </mod>
  <mod file="\Moria\Mods\BearGuildPack\Materials\MI_BearGuild_Shield_Eyes.json">
  </mod>
  <mod file="\Moria\Mods\BearGuildPack\Materials\Textures\T_BearGuild_Gloves_T6_ALB.json">
  </mod>
  <mod file="\Moria\Mods\BearGuildPack\Materials\Textures\T_Gem_ALB.json">
  </mod>
  <mod file="\Moria\Mods\BearGuildPack\Materials\Textures\T_Gem_ORM.json">
  </mod>
  <mod file="\Moria\Mods\BearGuildPack\Meshes\SM_BearGuild_Gloves_T4.json">
  </mod>
  <mod file="\Moria\Mods\BearGuildPack\Meshes\SM_BearGuild_Gloves_T4_PhysicsAsset.json">
  </mod>
  <mod file="\Moria\Mods\BearGuildPack\Meshes\SM_BearGuild_Gloves_T5.json">
  </mod>
  <mod file="\Moria\Mods\BearGuildPack\Meshes\SM_BearGuild_Gloves_T5_PhysicsAsset.json">
  </mod>
  <mod file="\Moria\Mods\BearGuildPack\Meshes\SM_BearGuild_Gloves_T6.json">
  </mod>
  <mod file="\Moria\Mods\BearGuildPack\Meshes\SM_BearGuild_Gloves_T6_PhysicsAsset.json">
  </mod>
  <mod file="\Moria\Mods\BearGuildPack\Meshes\SM_BearGuild_Shield.json">
  </mod>
  <mod file="\Moria\Mods\CurvedPack\Constructions\Icons\T_UI_BuildIcon_CurvedPack_CurvedBarrier_A.json">
  </mod>
  <mod file="\Moria\Mods\CurvedPack\Constructions\Icons\T_UI_BuildIcon_CurvedPack_CurvedBarrier_B.json">
  </mod>
  <mod file="\Moria\Mods\CurvedPack\Constructions\Icons\T_UI_BuildIcon_CurvedPack_CurvedBarrier_C.json">
  </mod>
  <mod file="\Moria\Mods\CurvedPack\Constructions\Icons\T_UI_BuildIcon_CurvedPack_CurvedStairs_A.json">
  </mod>
  <mod file="\Moria\Mods\CurvedPack\Constructions\Icons\T_UI_BuildIcon_CurvedPack_CurvedStairs_B.json">
  </mod>
  <mod file="\Moria\Mods\CurvedPack\Constructions\Icons\T_UI_BuildIcon_CurvedPack_CurvedWall_A.json">
  </mod>
  <mod file="\Moria\Mods\CurvedPack\Constructions\Icons\T_UI_BuildIcon_CurvedPack_CurvedWall_B.json">
  </mod>
  <mod file="\Moria\Mods\CurvedPack\Constructions\Icons\T_UI_BuildIcon_CurvedPack_CurvedWall_C.json">
  </mod>
  <mod file="\Moria\Mods\CurvedPack\Constructions\Materials\MI_CurvedPack_Stairs.json">
  </mod>
  <mod file="\Moria\Mods\CurvedPack\Constructions\Materials\MI_Step_3x3x2x6.json">
  </mod>
  <mod file="\Moria\Mods\CurvedPack\Constructions\Materials\Textures\Generic_Stone_A_BaseColor.json">
  </mod>
  <mod file="\Moria\Mods\CurvedPack\Constructions\Materials\Textures\Generic_Stone_A_OcclusionRoughnessMetallic.json">
  </mod>
  <mod file="\Moria\Mods\CurvedPack\Constructions\Materials\Textures\Step_3x2x12_NRM.json">
  </mod>
  <mod file="\Moria\Mods\CurvedPack\Constructions\Meshes\Granite_Curve_Wall_3x1x050.json">
  </mod>
  <mod file="\Moria\Mods\CurvedPack\Constructions\Meshes\Granite_Curve_Wall_3x3x050.json">
  </mod>
  <mod file="\Moria\Mods\CurvedPack\Constructions\Meshes\Granite_Curved_Stairs_3x3x2x12.json">
  </mod>
  <mod file="\Moria\Mods\CurvedPack\Constructions\Meshes\Granite_Curved_Stairs_3x6x4x12.json">
  </mod>
  <mod file="\Moria\Mods\CurvedPack\Constructions\Meshes\Granite_Curved_Stairs_Large_A.json">
  </mod>
  <mod file="\Moria\Mods\CurvedPack\Constructions\Meshes\Granite_Curved_Stairs_Large_B.json">
  </mod>
  <mod file="\Moria\Mods\CurvedPack\Constructions\Meshes\Granite_Curved_Stairs_Medium_A.json">
  </mod>
  <mod file="\Moria\Mods\CurvedPack\Constructions\Meshes\Granite_Curved_Stairs_Medium_b.json">
  </mod>
  <mod file="\Moria\Mods\CurvedPack\Constructions\Meshes\Wood_Curve_Wall_3x1x025.json">
  </mod>
  <mod file="\Moria\Mods\CurvedPack\Constructions\Meshes\Wood_Curve_Wall_3x1x050.json">
  </mod>
  <mod file="\Moria\Mods\CurvedPack\Constructions\Meshes\Wood_Curve_Wall_3x4x025.json">
  </mod>
  <mod file="\Moria\Mods\CurvedPack\Constructions\Meshes\Wood_Curve_Wall_3x4x050.json">
  </mod>
  <mod file="\Moria\Mods\CurvedPack\Constructions\Meshes\Wood_Curved_Ceiling.json">
  </mod>
  <mod file="\Moria\Mods\CurvedPack\Constructions\Meshes\Wood_Curved_Floor_A.json">
  </mod>
  <mod file="\Moria\Mods\CurvedPack\Constructions\Meshes\Wood_Curved_Floor_B.json">
  </mod>
  <mod file="\Moria\Mods\CurvedPack\Constructions\Meshes\Wood_Curved_Floor_C.json">
  </mod>
  <mod file="\Moria\Mods\CurvedPack\Granite_Stairs_A\BP_Suburbs_Stairs_Medium_A.json">
  </mod>
  <mod file="\Moria\Mods\CurvedPack\Granite_Stairs_A\BP_Suburbs_Stairs_Medium_B.json">
  </mod>
  <mod file="\Moria\Mods\CurvedPack\Granite_Walls\BP_Suburbs_Wall_Thin_1x3m_A.json">
  </mod>
  <mod file="\Moria\Mods\CurvedPack\Granite_Walls\BP_Suburbs_Wall_Thin_3x4m_A.json">
  </mod>
  <mod file="\Moria\Mods\CurvedPack\Hammer\EQ_Restoration_Hammer_Adamant.json">
  </mod>
  <mod file="\Moria\Mods\CurvedPack\Hammer\EQ_Restoration_Hammer_Adamant_Broken.json">
  </mod>
  <mod file="\Moria\Mods\CurvedPack\Hammer\Icon\T_UI_Icon_TobiHammer.json">
  </mod>
  <mod file="\Moria\Mods\CurvedPack\Hammer\Materials\MI_Tobi_Gems.json">
  </mod>
  <mod file="\Moria\Mods\CurvedPack\Hammer\Materials\MI_Tobi_Hammer.json">
  </mod>
  <mod file="\Moria\Mods\CurvedPack\Hammer\Materials\MI_Tobi_Hammer_Handle.json">
  </mod>
  <mod file="\Moria\Mods\CurvedPack\Hammer\Materials\Textures\T_Hammer_ALB.json">
  </mod>
  <mod file="\Moria\Mods\CurvedPack\Hammer\Materials\Textures\T_Hammer_NRM.json">
  </mod>
  <mod file="\Moria\Mods\CurvedPack\Hammer\Materials\Textures\T_Hammer_ORM.json">
  </mod>
  <mod file="\Moria\Mods\CurvedPack\Hammer\Materials\Textures\T_Tobi_Gems_ALB.json">
  </mod>
  <mod file="\Moria\Mods\CurvedPack\Hammer\Materials\Textures\T_Tobi_Gems_ORM.json">
  </mod>
  <mod file="\Moria\Mods\CurvedPack\Hammer\Materials\Textures\T_Tobi_Hammer_Handle_ALB.json">
  </mod>
  <mod file="\Moria\Mods\CurvedPack\Hammer\Materials\Textures\T_Tobi_Hammer_Handle_NRM.json">
  </mod>
  <mod file="\Moria\Mods\CurvedPack\Hammer\Materials\Textures\T_Tobi_Hammer_Handle_ORM.json">
  </mod>
  <mod file="\Moria\Mods\CurvedPack\Hammer\Meshes\Tobi_Hammer.json">
  </mod>
  <mod file="\Moria\Mods\CurvedPack\Wood_Thick_Walls\BP_Suburbs_Wall_Thin_1x3m_A.json">
  </mod>
  <mod file="\Moria\Mods\CurvedPack\Wood_Thick_Walls\BP_Suburbs_Wall_Thin_3x3m_A.json">
  </mod>
  <mod file="\Moria\Mods\CurvedPack\Wood_Thin_Walls\BP_Suburbs_Wall_Thin_1x3m_A.json">
  </mod>
  <mod file="\Moria\Mods\CurvedPack\Wood_Thin_Walls\BP_Suburbs_Wall_Thin_3x3m_A.json">
  </mod>
  <mod file="\Moria\Mods\FungalPack\BP_Flora_OilyPeatMossReceptacle_Plantable.json">
  </mod>
  <mod file="\Moria\Mods\FungalPack\BP_Flora_QuietMossReceptacle_Plantable.json">
  </mod>
  <mod file="\Moria\Mods\FungalPack\BP_FungalFoliageCutting_A.json">
  </mod>
  <mod file="\Moria\Mods\FungalPack\BP_FungalFoliageCutting_B.json">
  </mod>
  <mod file="\Moria\Mods\FungalPack\BP_Fungal_Foliage_A_Receptacle_Large.json">
  </mod>
  <mod file="\Moria\Mods\FungalPack\BP_Fungal_Foliage_A_Receptacle_Medium.json">
  </mod>
  <mod file="\Moria\Mods\FungalPack\BP_Fungal_Foliage_A_Receptacle_Small.json">
  </mod>
  <mod file="\Moria\Mods\FungalPack\BP_Fungal_Foliage_B_Receptacle_Large.json">
  </mod>
  <mod file="\Moria\Mods\FungalPack\BP_Fungal_Foliage_B_Receptacle_Medium.json">
  </mod>
  <mod file="\Moria\Mods\FungalPack\BP_Fungal_Foliage_B_Receptacle_Small.json">
  </mod>
  <mod file="\Moria\Mods\FungalPack\Icons\T_UI_Icon_FungalFoliageCutting_A.json">
  </mod>
  <mod file="\Moria\Mods\FungalPack\Icons\T_UI_Icon_FungalFoliageCutting_B.json">
  </mod>
  <mod file="\Moria\Mods\FungalPack\Materials\MI_FungalFoliage_BA.json">
  </mod>
  <mod file="\Moria\Mods\FungalPack\Materials\Textures\T_Fungal_Foliage_BaseColor_BA.json">
  </mod>
  <mod file="\Moria\Mods\FungalPack\Meshes\Fungal_Cutting_A.json">
  </mod>
  <mod file="\Moria\Mods\FungalPack\Meshes\Fungal_Cutting_B.json">
  </mod>
  <mod file="\Moria\Mods\FungalPack\Meshes\Fungal_Foliage_Elder_A.json">
  </mod>
  <mod file="\Moria\Mods\FungalPack\Meshes\Fungal_Foliage_Elder_B.json">
  </mod>
  <mod file="\Moria\Mods\FungalPack\Meshes\Fungal_Foliage_Mature_A.json">
  </mod>
  <mod file="\Moria\Mods\FungalPack\Meshes\Fungal_Foliage_Mature_B.json">
  </mod>
  <mod file="\Moria\Mods\FungalPack\Meshes\Fungal_Foliage_Middle_A.json">
  </mod>
  <mod file="\Moria\Mods\FungalPack\Meshes\Fungal_Foliage_Middle_B.json">
  </mod>
  <mod file="\Moria\Mods\FungalPack\Meshes\Fungal_Foliage_Sapling_A.json">
  </mod>
  <mod file="\Moria\Mods\FungalPack\Meshes\Fungal_Foliage_Sapling_B.json">
  </mod>
  <mod file="\Moria\Mods\FungalPack\Meshes\Fungal_Foliage_Young_A.json">
  </mod>
  <mod file="\Moria\Mods\FungalPack\Meshes\Fungal_Foliage_Young_B.json">
  </mod>
  <mod file="\Moria\Mods\FungalPack\Meshes\SM_OilyMoss_Growth_A.json">
  </mod>
  <mod file="\Moria\Mods\FungalPack\Meshes\SM_OilyMoss_Growth_B.json">
  </mod>
  <mod file="\Moria\Mods\FungalPack\Meshes\SM_OilyMoss_Growth_C.json">
  </mod>
  <mod file="\Moria\Mods\FungalPack\Meshes\SM_QuietMoss_Growth_A.json">
  </mod>
  <mod file="\Moria\Mods\FungalPack\Meshes\SM_QuietMoss_Growth_B.json">
  </mod>
  <mod file="\Moria\Mods\FungalPack\Meshes\SM_QuietMoss_Growth_C.json">
  </mod>
  <mod file="\Moria\Mods\GrumniPack\Constructions\Icons\T_UI_BuildIcon_GrumniPack_CeilingLamp_A.json">
  </mod>
  <mod file="\Moria\Mods\GrumniPack\Constructions\Icons\T_UI_BuildIcon_GrumniPack_CeilingLamp_B.json">
  </mod>
  <mod file="\Moria\Mods\GrumniPack\Constructions\Icons\T_UI_BuildIcon_GrumniPack_CeilingLamp_C.json">
  </mod>
  <mod file="\Moria\Mods\GrumniPack\Constructions\Icons\T_UI_BuildIcon_GrumniPack_CeilingLamp_D.json">
  </mod>
  <mod file="\Moria\Mods\GrumniPack\Constructions\Icons\T_UI_BuildIcon_GrumniPack_CeilingLamp_E.json">
  </mod>
  <mod file="\Moria\Mods\GrumniPack\Constructions\Icons\T_UI_BuildIcon_GrumniPack_CeilingLamp_F.json">
  </mod>
  <mod file="\Moria\Mods\GrunmniPack\Constructions\Icons\T_UI_BuildIcon_GrunmniPack_ColumnTrimCapital_A.json">
  </mod>
  <mod file="\Moria\Mods\GrunmniPack\Constructions\Icons\T_UI_BuildIcon_GrunmniPack_ColumnTrimShaft_B.json">
  </mod>
  <mod file="\Moria\Mods\GrunmniPack\Constructions\Icons\T_UI_BuildIcon_GrunmniPack_ShortBrazier_A.json">
  </mod>
  <mod file="\Moria\Mods\GrunmniPack\Constructions\Icons\T_UI_BuildIcon_GrunmniPack_ShortBrazier_B.json">
  </mod>
  <mod file="\Moria\Mods\JuboPack\BP_Jubo_Banner_A.json">
  </mod>
  <mod file="\Moria\Mods\JuboPack\BP_Jubo_Flag_A.json">
  </mod>
  <mod file="\Moria\Mods\JuboPack\Constructions\Icons\T_UI_BuildIcon_JuboPack_JuboBanner_A.json">
  </mod>
  <mod file="\Moria\Mods\JuboPack\Constructions\Icons\T_UI_BuildIcon_JuboPack_JuboFlag_A.json">
  </mod>
  <mod file="\Moria\Mods\JuboPack\Materials\MI_Jubo_Banner_A.json">
  </mod>
  <mod file="\Moria\Mods\JuboPack\Materials\Textures\T_Jubo_ALB.json">
  </mod>
  <mod file="\Moria\Mods\KingsWeaponsPack\CrimsonMetalIngot\BP_CrimsonIngot.json">
  </mod>
  <mod file="\Moria\Mods\KingsWeaponsPack\Dain_Battleaxe\EQ_Battleaxe_2h_t4.json">
  </mod>
  <mod file="\Moria\Mods\KingsWeaponsPack\Dain_Battleaxe\EQ_Battleaxe_2h_t4_Broken.json">
  </mod>
  <mod file="\Moria\Mods\KingsWeaponsPack\Dain_Battleaxe\EQ_Hammer_2h_t1.json">
  </mod>
  <mod file="\Moria\Mods\KingsWeaponsPack\Dain_Battleaxe\EQ_Hammer_2h_t1_Broken.json">
  </mod>
  <mod file="\Moria\Mods\KingsWeaponsPack\Dain_Warhammer\EQ_Hammer_2h_t1.json">
  </mod>
  <mod file="\Moria\Mods\KingsWeaponsPack\Dain_Warhammer\EQ_Hammer_2h_t1_Broken.json">
  </mod>
  <mod file="\Moria\Mods\KingsWeaponsPack\Dain_Warhammer\EQ_Hammer_2h_t2.json">
  </mod>
  <mod file="\Moria\Mods\KingsWeaponsPack\Dain_Warhammer\EQ_Hammer_2h_t2_Broken.json">
  </mod>
  <mod file="\Moria\Mods\KingsWeaponsPack\Icons\T_UI_Icon_CrimsonMetal_Ingot.json">
  </mod>
  <mod file="\Moria\Mods\KingsWeaponsPack\Icons\T_UI_Icon_Dain_Battleaxe.json">
  </mod>
  <mod file="\Moria\Mods\KingsWeaponsPack\Icons\T_UI_Icon_Dain_Warhammer.json">
  </mod>
  <mod file="\Moria\Mods\KingsWeaponsPack\Icons\T_UI_Icon_Thrain_Warhammer.json">
  </mod>
  <mod file="\Moria\Mods\KingsWeaponsPack\Materials\CrimsonMetalIngot\MI_CrimsonMetalIngot.json">
  </mod>
  <mod file="\Moria\Mods\KingsWeaponsPack\Materials\CrimsonMetalIngot\M_CrimsonMetalIngot.json">
  </mod>
  <mod file="\Moria\Mods\KingsWeaponsPack\Materials\CrimsonMetalIngot\Textures\CrimsonIngot_ALB.json">
  </mod>
  <mod file="\Moria\Mods\KingsWeaponsPack\Materials\Dain_Battleaxe\MI_Dain_Battleaxe.json">
  </mod>
  <mod file="\Moria\Mods\KingsWeaponsPack\Materials\Dain_Battleaxe\Textures\T_Dain_Battleaxe_ALB.json">
  </mod>
  <mod file="\Moria\Mods\KingsWeaponsPack\Materials\Dain_Battleaxe\Textures\T_Dain_Battleaxe_NRM.json">
  </mod>
  <mod file="\Moria\Mods\KingsWeaponsPack\Materials\Dain_Battleaxe\Textures\T_Dain_Battleaxe_ORM.json">
  </mod>
  <mod file="\Moria\Mods\KingsWeaponsPack\Materials\Dain_Hammer\MI_Dain_Warhammer.json">
  </mod>
  <mod file="\Moria\Mods\KingsWeaponsPack\Materials\Dain_Hammer\MI_Dain_Warhammer_Rune.json">
  </mod>
  <mod file="\Moria\Mods\KingsWeaponsPack\Materials\Dain_Hammer\Textures\Dain_Warhammer_ALB.json">
  </mod>
  <mod file="\Moria\Mods\KingsWeaponsPack\Materials\Dain_Hammer\Textures\Dain_Warhammer_NRM.json">
  </mod>
  <mod file="\Moria\Mods\KingsWeaponsPack\Materials\Dain_Hammer\Textures\Dain_Warhammer_ORM.json">
  </mod>
  <mod file="\Moria\Mods\KingsWeaponsPack\Materials\Thrain_Hammer\MI_Thrain_Warhammer.json">
  </mod>
  <mod file="\Moria\Mods\KingsWeaponsPack\Materials\Thrain_Hammer\MI_Thrain_Warhammer_Handle.json">
  </mod>
  <mod file="\Moria\Mods\KingsWeaponsPack\Materials\Thrain_Hammer\MI_Thrain_Warhammer_Head.json">
  </mod>
  <mod file="\Moria\Mods\KingsWeaponsPack\Materials\Thrain_Hammer\MI_Thrain_Warhammer_Rune.json">
  </mod>
  <mod file="\Moria\Mods\KingsWeaponsPack\Materials\Thrain_Hammer\Textures\Red\T_Thrain_Warhammer_ALB.json">
  </mod>
  <mod file="\Moria\Mods\KingsWeaponsPack\Materials\Thrain_Hammer\Textures\Red\T_Thrain_Warhammer_NRM.json">
  </mod>
  <mod file="\Moria\Mods\KingsWeaponsPack\Materials\Thrain_Hammer\Textures\Red\T_Thrain_Warhammer_ORM.json">
  </mod>
  <mod file="\Moria\Mods\KingsWeaponsPack\Materials\Thrain_Hammer\Textures\T_Thrain_Warhammer_Handle_ALB.json">
  </mod>
  <mod file="\Moria\Mods\KingsWeaponsPack\Materials\Thrain_Hammer\Textures\T_Thrain_Warhammer_Handle_NRM.json">
  </mod>
  <mod file="\Moria\Mods\KingsWeaponsPack\Materials\Thrain_Hammer\Textures\T_Thrain_Warhammer_Head_ALB.json">
  </mod>
  <mod file="\Moria\Mods\KingsWeaponsPack\Materials\Thrain_Hammer\Textures\T_Thrain_Warhammer_Head_NRM.json">
  </mod>
  <mod file="\Moria\Mods\KingsWeaponsPack\Materials\Thrain_Hammer\Textures\T_Thrain_Warhammer_Head_ORM.json">
  </mod>
  <mod file="\Moria\Mods\KingsWeaponsPack\Materials\Thrain_Hammer\Textures\T_Thrain_Warhammer__Handle_ORM.json">
  </mod>
  <mod file="\Moria\Mods\KingsWeaponsPack\Meshes\RedSunIngot.json">
  </mod>
  <mod file="\Moria\Mods\KingsWeaponsPack\Meshes\SM_Dain_Battleaxe.json">
  </mod>
  <mod file="\Moria\Mods\KingsWeaponsPack\Meshes\SM_Dain_Warhammer.json">
  </mod>
  <mod file="\Moria\Mods\KingsWeaponsPack\Meshes\SM_Dain_Warhammer_Broken.json">
  </mod>
  <mod file="\Moria\Mods\KingsWeaponsPack\Meshes\SM_Thrain_Warhammer.json">
  </mod>
  <mod file="\Moria\Mods\KingsWeaponsPack\Meshes\SM_Thrain_Warhammer_Broken.json">
  </mod>
  <mod file="\Moria\Mods\KingsWeaponsPack\Meshes\Thrain_Hammer.json">
  </mod>
  <mod file="\Moria\Mods\KingsWeaponsPack\Thrain_Warhammer\EQ_Hammer_2h_t1.json">
  </mod>
  <mod file="\Moria\Mods\KingsWeaponsPack\Thrain_Warhammer\EQ_Hammer_2h_t1_Broken.json">
  </mod>
  <mod file="\Moria\Mods\KingsWeaponsPack\Thrain_Warhammer\EQ_Hammer_2h_t2.json">
  </mod>
  <mod file="\Moria\Mods\KingsWeaponsPack\Thrain_Warhammer\EQ_Hammer_2h_t2_Broken.json">
  </mod>
  <mod file="\Moria\Mods\MereakAxePack\Materials\MI_Mereak_Axe.json">
  </mod>
  <mod file="\Moria\Mods\MereakAxePack\Materials\Textures\T_Mereak_Axe_ALB.json">
  </mod>
  <mod file="\Moria\Mods\MereakAxePack\Materials\Textures\T_Mereak_Axe_NRM.json">
  </mod>
  <mod file="\Moria\Mods\MereakAxePack\Materials\Textures\T_Mereak_Axe_ORM.json">
  </mod>
  <mod file="\Moria\Mods\MereakAxePack\Meshes\SM_Mereak_Axe.json">
  </mod>
  <mod file="\Moria\Mods\MereakPack\BP_DM_Dwarf_Memorial_A_Breakable.json">
  </mod>
  <mod file="\Moria\Mods\MereakPack\BP_Suburbs_Gate_A_Pillar_Base.json">
  </mod>
  <mod file="\Moria\Mods\MereakPack\BP_Suburbs_Wall_Thin_3x15m_A_Breakable.json">
  </mod>
  <mod file="\Moria\Mods\MereakPack\BP_Suburbs_Wall_Thin_3x15m_B_Breakable.json">
  </mod>
  <mod file="\Moria\Mods\MereakPack\Constructions\Icons\T_UI_BuildIcon_MereakPack_Barrel_A.json">
  </mod>
  <mod file="\Moria\Mods\MereakPack\Constructions\Icons\T_UI_BuildIcon_MereakPack_ColumnTrimBase_A.json">
  </mod>
  <mod file="\Moria\Mods\MereakPack\Constructions\Icons\T_UI_BuildIcon_MereakPack_CornerTrim_A.json">
  </mod>
  <mod file="\Moria\Mods\MereakPack\Constructions\Icons\T_UI_BuildIcon_MereakPack_CornerTrim_B.json">
  </mod>
  <mod file="\Moria\Mods\MereakPack\Constructions\Icons\T_UI_BuildIcon_MereakPack_DetailedBaseboard_A.json">
  </mod>
  <mod file="\Moria\Mods\MereakPack\Constructions\Icons\T_UI_BuildIcon_MereakPack_FigureHead_A.json">
  </mod>
  <mod file="\Moria\Mods\MereakPack\Constructions\Icons\T_UI_BuildIcon_MereakPack_FigureHead_B.json">
  </mod>
  <mod file="\Moria\Mods\MereakPack\Constructions\Icons\T_UI_BuildIcon_MereakPack_FigureHead_C.json">
  </mod>
  <mod file="\Moria\Mods\MereakPack\Constructions\Icons\T_UI_BuildIcon_MereakPack_GraniteWallBaseboard_A.json">
  </mod>
  <mod file="\Moria\Mods\MereakPack\Constructions\Icons\T_UI_BuildIcon_MereakPack_LongShelves_A.json">
  </mod>
  <mod file="\Moria\Mods\MereakPack\Constructions\Icons\T_UI_BuildIcon_MereakPack_MediumShelves_A.json">
  </mod>
  <mod file="\Moria\Mods\MereakPack\Constructions\Icons\T_UI_BuildIcon_MereakPack_MessyWorkbench_A.json">
  </mod>
  <mod file="\Moria\Mods\MereakPack\Constructions\Icons\T_UI_BuildIcon_MereakPack_NarrowArchwayPillar_A.json">
  </mod>
  <mod file="\Moria\Mods\MereakPack\Constructions\Icons\T_UI_BuildIcon_MereakPack_NarrowGraniteWindow_A.json">
  </mod>
  <mod file="\Moria\Mods\MereakPack\Constructions\Icons\T_UI_BuildIcon_MereakPack_NotchedArch_A.json">
  </mod>
  <mod file="\Moria\Mods\MereakPack\Constructions\Icons\T_UI_BuildIcon_MereakPack_NotchedArchway_A.json">
  </mod>
  <mod file="\Moria\Mods\MereakPack\Constructions\Icons\T_UI_BuildIcon_MereakPack_OrnateCeiling_A.json">
  </mod>
  <mod file="\Moria\Mods\MereakPack\Constructions\Icons\T_UI_BuildIcon_MereakPack_Pedestal_A.json">
  </mod>
  <mod file="\Moria\Mods\MereakPack\Constructions\Icons\T_UI_BuildIcon_MereakPack_Sack_A.json">
  </mod>
  <mod file="\Moria\Mods\MereakPack\Constructions\Icons\T_UI_BuildIcon_MereakPack_ShortMemorialStatue_A.json">
  </mod>
  <mod file="\Moria\Mods\MereakPack\Constructions\Icons\T_UI_BuildIcon_MereakPack_SmallMessyWorkbench_A.json">
  </mod>
  <mod file="\Moria\Mods\MereakPack\Constructions\Icons\T_UI_BuildIcon_MereakPack_ThickDarkWoodFloor_A.json">
  </mod>
  <mod file="\Moria\Mods\MereakPack\Constructions\Icons\T_UI_BuildIcon_MereakPack_ThinWoodCrown_A.json">
  </mod>
  <mod file="\Moria\Mods\MereakPack\Constructions\Icons\T_UI_BuildIcon_MereakPack_ThinWoodDetail_A.json">
  </mod>
  <mod file="\Moria\Mods\MereakPack\Constructions\Icons\T_UI_BuildIcon_MereakPack_UnderStairsArch_A.json">
  </mod>
  <mod file="\Moria\Mods\MereakPack\Constructions\Icons\T_UI_BuildIcon_MereakPack_WoodCrown_A.json">
  </mod>
  <mod file="\Moria\Mods\MithrilWallsPack\BP_Wall_Thin_3x4m_MithrilA.json">
  </mod>
  <mod file="\Moria\Mods\MithrilWallsPack\BP_Wall_Thin_3x4m_MithrilB.json">
  </mod>
  <mod file="\Moria\Mods\MithrilWallsPack\BP_Wall_Thin_3x4m_MithrilC.json">
  </mod>
  <mod file="\Moria\Mods\MithrilWallsPack\BP_Wall_Thin_3x4m_MithrilD.json">
  </mod>
  <mod file="\Moria\Mods\MithrilWallsPack\BP_Wall_Thin_3x4m_MithrilE.json">
  </mod>
  <mod file="\Moria\Mods\MithrilWallsPack\Constructions\Icons\T_UI_BuildIcon_MithrilWallsPack_MithrilWall_A.json">
  </mod>
  <mod file="\Moria\Mods\MithrilWallsPack\Constructions\Icons\T_UI_BuildIcon_MithrilWallsPack_MithrilWall_B.json">
  </mod>
  <mod file="\Moria\Mods\MithrilWallsPack\Constructions\Icons\T_UI_BuildIcon_MithrilWallsPack_MithrilWall_C.json">
  </mod>
  <mod file="\Moria\Mods\MithrilWallsPack\Constructions\Icons\T_UI_BuildIcon_MithrilWallsPack_MithrilWall_D.json">
  </mod>
  <mod file="\Moria\Mods\MithrilWallsPack\Constructions\Icons\T_UI_BuildIcon_MithrilWallsPack_MithrilWall_E.json">
  </mod>
  <mod file="\Moria\Mods\MithrilWallsPack\Materials\MI_Mithril_Mural_A.json">
  </mod>
  <mod file="\Moria\Mods\MithrilWallsPack\Materials\MI_Mithril_Mural_B.json">
  </mod>
  <mod file="\Moria\Mods\MithrilWallsPack\Materials\MI_Mithril_Trim.json">
  </mod>
  <mod file="\Moria\Mods\MithrilWallsPack\Materials\Textures\Mithril_Mural_A.json">
  </mod>
  <mod file="\Moria\Mods\MithrilWallsPack\Materials\Textures\Mithril_Mural_B.json">
  </mod>
  <mod file="\Moria\Mods\NoobDelux_BannerPack\Constructions\Icons\T_UI_BuildIcon_NoobDelux_BannerPack_NoobdeluxBanner_A.json">
  </mod>
  <mod file="\Moria\Mods\NoobDelux_Banner\Materials\MI_Noobdelux_Banner_A.json">
  </mod>
  <mod file="\Moria\Mods\NoobDelux_Banner\Materials\Textures\T_Noobdelux_banner_ALB.json">
  </mod>
  <mod file="\Moria\Mods\OlfahrPack\Constructions\Icons\T_UI_BuildIcon_OlfahrPack_Barrel_A.json">
  </mod>
  <mod file="\Moria\Mods\OlfahrPack\Constructions\Icons\T_UI_BuildIcon_OlfahrPack_Basin_A.json">
  </mod>
  <mod file="\Moria\Mods\OlfahrPack\Constructions\Icons\T_UI_BuildIcon_OlfahrPack_Bucket_A.json">
  </mod>
  <mod file="\Moria\Mods\OlfahrPack\Constructions\Icons\T_UI_BuildIcon_OlfahrPack_LargeWinch_A.json">
  </mod>
  <mod file="\Moria\Mods\OlfahrPack\Constructions\Icons\T_UI_BuildIcon_OlfahrPack_Lift_A.json">
  </mod>
  <mod file="\Moria\Mods\OlfahrPack\Constructions\Icons\T_UI_BuildIcon_OlfahrPack_Lift_B.json">
  </mod>
  <mod file="\Moria\Mods\OlfahrPack\Constructions\Icons\T_UI_BuildIcon_OlfahrPack_OpenWoodenCrate_A.json">
  </mod>
  <mod file="\Moria\Mods\OlfahrPack\Constructions\Icons\T_UI_BuildIcon_OlfahrPack_OpenWoodenCrate_B.json">
  </mod>
  <mod file="\Moria\Mods\OlfahrPack\Constructions\Icons\T_UI_BuildIcon_OlfahrPack_OrnateWoodenCrate_A.json">
  </mod>
  <mod file="\Moria\Mods\OlfahrPack\Constructions\Icons\T_UI_BuildIcon_OlfahrPack_OrnateWoodenCrate_B.json">
  </mod>
  <mod file="\Moria\Mods\OlfahrPack\Constructions\Icons\T_UI_BuildIcon_OlfahrPack_Wagon_A.json">
  </mod>
  <mod file="\Moria\Mods\OlfahrPack\Constructions\Icons\T_UI_BuildIcon_OlfahrPack_Windlass_A.json">
  </mod>
  <mod file="\Moria\Mods\OlfahrPack\Constructions\Icons\T_UI_BuildIcon_OlfahrPack_WoodenCrate_A.json">
  </mod>
  <mod file="\Moria\Mods\OlfahrPack\Constructions\Icons\T_UI_BuildIcon_OlfahrPack_WoodenCrate_B.json">
  </mod>
  <mod file="\Moria\Mods\SeraniPack\Constructions\Icons\T_UI_BuildIcon_SeraniPack_DwellingCabinet_A.json">
  </mod>
  <mod file="\Moria\Mods\SeraniPack\Constructions\Icons\T_UI_BuildIcon_SeraniPack_DwellingCabinet_B.json">
  </mod>
  <mod file="\Moria\Mods\SeraniPack\Constructions\Icons\T_UI_BuildIcon_SeraniPack_DwellingCabinet_C.json">
  </mod>
  <mod file="\Moria\Mods\SeraniPack\Constructions\Icons\T_UI_BuildIcon_SeraniPack_DwellingCabinet_D.json">
  </mod>
  <mod file="\Moria\Mods\SeraniPack\Constructions\Icons\T_UI_BuildIcon_SeraniPack_GlassCabinet_A.json">
  </mod>
  <mod file="\Moria\Mods\SeraniPack\Constructions\Icons\T_UI_BuildIcon_SeraniPack_KegStand_A.json">
  </mod>
  <mod file="\Moria\Mods\SeraniPack\Constructions\Icons\T_UI_BuildIcon_SeraniPack_PotsRack_A.json">
  </mod>
  <mod file="\Moria\Mods\SeraniPack\Constructions\Icons\T_UI_BuildIcon_SeraniPack_WoodPile_A.json">
  </mod>
  <mod file="\Moria\Mods\SilverWallsPack\BP_Wall_Thin_3x4m_SilverA.json">
  </mod>
  <mod file="\Moria\Mods\SilverWallsPack\BP_Wall_Thin_3x4m_SilverB.json">
  </mod>
  <mod file="\Moria\Mods\SilverWallsPack\BP_Wall_Thin_3x4m_SilverC.json">
  </mod>
  <mod file="\Moria\Mods\SilverWallsPack\BP_Wall_Thin_3x4m_SilverD.json">
  </mod>
  <mod file="\Moria\Mods\SilverWallsPack\BP_Wall_Thin_3x4m_SilverE.json">
  </mod>
  <mod file="\Moria\Mods\SilverWallsPack\Constructions\Icons\T_UI_BuildIcon_SilverWallsPack_SilverWall_A.json">
  </mod>
  <mod file="\Moria\Mods\SilverWallsPack\Constructions\Icons\T_UI_BuildIcon_SilverWallsPack_SilverWall_B.json">
  </mod>
  <mod file="\Moria\Mods\SilverWallsPack\Constructions\Icons\T_UI_BuildIcon_SilverWallsPack_SilverWall_C.json">
  </mod>
  <mod file="\Moria\Mods\SilverWallsPack\Constructions\Icons\T_UI_BuildIcon_SilverWallsPack_SilverWall_D.json">
  </mod>
  <mod file="\Moria\Mods\SilverWallsPack\Constructions\Icons\T_UI_BuildIcon_SilverWallsPack_SilverWall_E.json">
  </mod>
  <mod file="\Moria\Mods\SilverWallsPack\Materials\MI_Silver_Mural_A.json">
  </mod>
  <mod file="\Moria\Mods\SilverWallsPack\Materials\MI_Silver_Mural_B.json">
  </mod>
  <mod file="\Moria\Mods\SilverWallsPack\Materials\MI_Silver_Trim.json">
  </mod>
  <mod file="\Moria\Mods\SilverWallsPack\Materials\Textures\Silver_Mural_A.json">
  </mod>
  <mod file="\Moria\Mods\SilverWallsPack\Materials\Textures\Silver_Mural_B.json">
  </mod>
  <mod file="\Moria\Mods\StreetLampPack\BP_DM_Lighting_StreetLamp_A_Player.json">
  </mod>
  <mod file="\Moria\Mods\StreetLampPack\BP_DM_Lighting_StreetLamp_B_Player.json">
  </mod>
  <mod file="\Moria\Mods\StreetLampPack\BP_DM_Lighting_StreetLamp_C_Player.json">
  </mod>
  <mod file="\Moria\Mods\StreetLampPack\BP_DM_Lighting_StreetLamp_D_Player.json">
  </mod>
  <mod file="\Moria\Mods\StreetLampPack\BP_DM_Lighting_StreetLamp_E_Player.json">
  </mod>
  <mod file="\Moria\Mods\StreetLampPack\BP_DM_Lighting_StreetLamp_F_Player.json">
  </mod>
  <mod file="\Moria\Mods\StreetLampPack\Constructions\Icons\T_UI_BuildIcon_StreetLampPack_StreetLamp_A.json">
  </mod>
  <mod file="\Moria\Mods\StreetLampPack\Constructions\Icons\T_UI_BuildIcon_StreetLampPack_StreetLamp_B.json">
  </mod>
  <mod file="\Moria\Mods\StreetLampPack\Constructions\Icons\T_UI_BuildIcon_StreetLampPack_StreetLamp_C.json">
  </mod>
  <mod file="\Moria\Mods\StreetLampPack\Constructions\Icons\T_UI_BuildIcon_StreetLampPack_StreetLamp_D.json">
  </mod>
  <mod file="\Moria\Mods\StreetLampPack\Constructions\Icons\T_UI_BuildIcon_StreetLampPack_StreetLamp_E.json">
  </mod>
  <mod file="\Moria\Mods\StreetLampPack\Constructions\Icons\T_UI_BuildIcon_StreetLampPack_StreetLamp_F.json">
  </mod>
  <mod file="\Moria\Mods\StreetLampPack\Materials\MI_SunStone_Lamp_G.json">
  </mod>
  <mod file="\Moria\Mods\StreetLampPack\SM_Tobi_Street_Lamp.json">
  </mod>
  <mod file="\Moria\Mods\Tech\Data\StringTables\ST_Mod_Architecture.json">
  </mod>
  <mod file="\Moria\Mods\Tech\Data\StringTables\ST_Mod_Effects.json">
  </mod>
  <mod file="\Moria\Mods\Tech\Data\StringTables\ST_Mod_Interactables.json">
  </mod>
  <mod file="\Moria\Mods\Tech\Data\StringTables\ST_Mod_Items.json">
  </mod>
  <mod file="\Moria\Mods\TobiDurinPack\Constructions\Icons\T_UI_BuildIcon_TobiDurinPack_ColumnBase_A.json">
  </mod>
  <mod file="\Moria\Mods\TobiDurinPack\Constructions\Icons\T_UI_BuildIcon_TobiDurinPack_ColumnBase_Moss_A.json">
  </mod>
  <mod file="\Moria\Mods\TobiDurinPack\Constructions\Icons\T_UI_BuildIcon_TobiDurinPack_ColumnBase_Redrock_A.json">
  </mod>
  <mod file="\Moria\Mods\TobiDurinPack\Constructions\Icons\T_UI_BuildIcon_TobiDurinPack_ColumnBase_Whitemarble_A.json">
  </mod>
  <mod file="\Moria\Mods\TobiDurinPack\Constructions\Icons\T_UI_BuildIcon_TobiDurinPack_ColumnCapital_A.json">
  </mod>
  <mod file="\Moria\Mods\TobiDurinPack\Constructions\Icons\T_UI_BuildIcon_TobiDurinPack_ColumnCapital_Moss_A.json">
  </mod>
  <mod file="\Moria\Mods\TobiDurinPack\Constructions\Icons\T_UI_BuildIcon_TobiDurinPack_ColumnCapital_Redrock_A.json">
  </mod>
  <mod file="\Moria\Mods\TobiDurinPack\Constructions\Icons\T_UI_BuildIcon_TobiDurinPack_ColumnCapital_Whitemarble_A.json">
  </mod>
  <mod file="\Moria\Mods\TobiDurinPack\Constructions\Icons\T_UI_BuildIcon_TobiDurinPack_ColumnShaft_A.json">
  </mod>
  <mod file="\Moria\Mods\TobiDurinPack\Constructions\Icons\T_UI_BuildIcon_TobiDurinPack_ColumnShaft_Moss_A.json">
  </mod>
  <mod file="\Moria\Mods\TobiDurinPack\Constructions\Icons\T_UI_BuildIcon_TobiDurinPack_ColumnShaft_Redrock_A.json">
  </mod>
  <mod file="\Moria\Mods\TobiDurinPack\Constructions\Icons\T_UI_BuildIcon_TobiDurinPack_ColumnShaft_Whitemarble_A.json">
  </mod>
  <mod file="\Moria\Mods\TobiDurinPack\Materials\MI_Tobi_DurinTower_Column.json">
  </mod>
  <mod file="\Moria\Mods\TobiDurinPack\Materials\MI_Tobi_DurinTower_Column_Moss.json">
  </mod>
  <mod file="\Moria\Mods\TobiDurinPack\Materials\MI_Tobi_DurinTower_Column_RedRock.json">
  </mod>
  <mod file="\Moria\Mods\TobiDurinPack\Materials\MI_Tobi_DurinTower_Column_WhiteMarble.json">
  </mod>
  <mod file="\Moria\Mods\TobiDurinPack\Materials\MI_Tobi_DurinTower_Head.json">
  </mod>
  <mod file="\Moria\Mods\TobiDurinPack\Materials\MI_Tobi_DurinTower_Head_Moss.json">
  </mod>
  <mod file="\Moria\Mods\TobiDurinPack\Materials\MI_Tobi_DurinTower_Head_Red.json">
  </mod>
  <mod file="\Moria\Mods\TobiDurinPack\Materials\MI_Tobi_DurinTower_Head_White.json">
  </mod>
  <mod file="\Moria\Mods\TobiDurinPack\Materials\Textures\M_AncientColumn_C_NORM.json">
  </mod>
  <mod file="\Moria\Mods\TobiDurinPack\Materials\Textures\T_Tobi_DurinTower_Column_E.json">
  </mod>
  <mod file="\Moria\Mods\TobiDurinPack\Meshes\SM_Tobi_DurinTower_Base.json">
  </mod>
  <mod file="\Moria\Mods\TobiDurinPack\Meshes\SM_Tobi_DurinTower_Capitel.json">
  </mod>
  <mod file="\Moria\Mods\TobiDurinPack\Meshes\SM_Tobi_DurinTower_Shaft.json">
  </mod>
  <mod file="\Moria\Mods\TobiDurinPack\Moss\BP_City_Column_C_Base_Moss.json">
  </mod>
  <mod file="\Moria\Mods\TobiDurinPack\Moss\BP_City_Column_C_Capital_Moss.json">
  </mod>
  <mod file="\Moria\Mods\TobiDurinPack\Moss\BP_City_Column_C_Shaft_Moss.json">
  </mod>
  <mod file="\Moria\Mods\TobiDurinPack\RedRock\BP_City_Column_C_Base_RedRock.json">
  </mod>
  <mod file="\Moria\Mods\TobiDurinPack\RedRock\BP_City_Column_C_Capital_RedRock.json">
  </mod>
  <mod file="\Moria\Mods\TobiDurinPack\RedRock\BP_City_Column_C_Shaft_RedRock.json">
  </mod>
  <mod file="\Moria\Mods\TobiDurinPack\Stone\BP_City_Column_C_Base.json">
  </mod>
  <mod file="\Moria\Mods\TobiDurinPack\Stone\BP_City_Column_C_Capital.json">
  </mod>
  <mod file="\Moria\Mods\TobiDurinPack\Stone\BP_City_Column_C_Shaft.json">
  </mod>
  <mod file="\Moria\Mods\TobiDurinPack\WhiteMarble\BP_City_Column_C_Base_WhiteMarble.json">
  </mod>
  <mod file="\Moria\Mods\TobiDurinPack\WhiteMarble\BP_City_Column_C_Capital_WhiteMarble.json">
  </mod>
  <mod file="\Moria\Mods\TobiDurinPack\WhiteMarble\BP_City_Column_C_Shaft_WhiteMarble.json">
  </mod>
  <mod file="\Moria\Mods\TobiDurinPack\WhiteMarble\BP_Suburbs_Inv_Stairs_CornerExt_A_WhiteMarble.json">
  </mod>
  <mod file="\Moria\Mods\TobiFloorPack\Constructions\Icons\T_UI_BuildIcon_TobiFloorPack_InlaidFloor_A.json">
  </mod>
  <mod file="\Moria\Mods\TobiFloorPack\Constructions\Icons\T_UI_BuildIcon_TobiFloorPack_PatternedFloor_A.json">
  </mod>
  <mod file="\Moria\Mods\TobiFloorPack\Constructions\Icons\T_UI_BuildIcon_TobiFloorPack_PatternedFloor_B.json">
  </mod>
  <mod file="\Moria\Mods\TobiFloorPack\Constructions\Icons\T_UI_BuildIcon_TobiFloorPack_TiledFloor_A.json">
  </mod>
  <mod file="\Moria\Mods\TobiFloorPack\Constructions\Icons\T_UI_BuildIcon_TobiFloorPack_TiledFloor_B.json">
  </mod>
  <mod file="\Moria\Mods\TobiFloorPack\Constructions\Icons\T_UI_BuildIcon_TobiFloorPack_TiledFloor_C.json">
  </mod>
  <mod file="\Moria\Mods\TobiFloorPack\InlaidFloor_A\BP_Floor_Stone_3x3m_A.json">
  </mod>
  <mod file="\Moria\Mods\TobiFloorPack\Materials\MI_TobiFloorPack_PatternedFloor_B.json">
  </mod>
  <mod file="\Moria\Mods\TobiFloorPack\Materials\MI_TobiFloorPack_PatternedFloor_C.json">
  </mod>
  <mod file="\Moria\Mods\TobiFloorPack\Materials\MI_TobiFloorPack_TiledFloor_B.json">
  </mod>
  <mod file="\Moria\Mods\TobiFloorPack\Materials\MI_TobiFloorPack_TiledFloor_C.json">
  </mod>
  <mod file="\Moria\Mods\TobiFloorPack\Materials\Textures\Generic_Stone_A_BaseColor.json">
  </mod>
  <mod file="\Moria\Mods\TobiFloorPack\Materials\Textures\Generic_Stone_A_OcclusionRoughnessMetallic.json">
  </mod>
  <mod file="\Moria\Mods\TobiFloorPack\Materials\Textures\Generic_Stone_BaseAlpha.json">
  </mod>
  <mod file="\Moria\Mods\TobiFloorPack\Materials\Textures\Suburbs_Floor_Tileable_A_ALBD.json">
  </mod>
  <mod file="\Moria\Mods\TobiFloorPack\Materials\Textures\Suburbs_Floor_Tileable_A_NORM.json">
  </mod>
  <mod file="\Moria\Mods\TobiFloorPack\Materials\Textures\Suburbs_Floor_Tileable_A_ORM.json">
  </mod>
  <mod file="\Moria\Mods\TobiFloorPack\Materials\Textures\T_Suburbs_Floor_Stone_B_Normal.json">
  </mod>
  <mod file="\Moria\Mods\TobiFloorPack\Materials\Textures\T_Suburbs_Floor_Stone_C_Normal.json">
  </mod>
  <mod file="\Moria\Mods\TobiFloorPack\Materials\Textures\T_Suburbs_Floor_Stone_C_ORH.json">
  </mod>
  <mod file="\Moria\Mods\TobiFloorPack\Materials\Textures\T_Suburbs_Floor_Stone_C_ORM.json">
  </mod>
  <mod file="\Moria\Mods\TobiFloorPack\PatternedFloor_A\BP_Floor_Stone_3x3m_A.json">
  </mod>
  <mod file="\Moria\Mods\TobiFloorPack\PatternedFloor_B\BP_Floor_Stone_3x3m_A.json">
  </mod>
  <mod file="\Moria\Mods\TobiFloorPack\TiledFloor_A\BP_Floor_Stone_3x3m_A.json">
  </mod>
  <mod file="\Moria\Mods\TobiFloorPack\TiledFloor_B\BP_Floor_Stone_3x3m_A.json">
  </mod>
  <mod file="\Moria\Mods\TobiFloorPack\TiledFloor_C\BP_Floor_Stone_3x3m_A.json">
  </mod>
  <mod file="\Moria\Mods\TobiPack\BP_Flora_BirdEgg_Receptacle.json">
  </mod>
  <mod file="\Moria\Mods\TobiPack\BP_Flora_Feather_Receptacle.json">
  </mod>
  <mod file="\Moria\Mods\TobiPack\BP_LargeBrazier.json">
  </mod>
  <mod file="\Moria\Mods\TobiPack\Constructions\Icons\T_UI_BuildIconTobiPack_Ceiling_Center.json">
  </mod>
  <mod file="\Moria\Mods\TobiPack\Constructions\Icons\T_UI_BuildIcon_TobiPack_AleKeg.json">
  </mod>
  <mod file="\Moria\Mods\TobiPack\Constructions\Icons\T_UI_BuildIcon_TobiPack_BirdNest_A.json">
  </mod>
  <mod file="\Moria\Mods\TobiPack\Constructions\Icons\T_UI_BuildIcon_TobiPack_BirdNest_B.json">
  </mod>
  <mod file="\Moria\Mods\TobiPack\Constructions\Icons\T_UI_BuildIcon_TobiPack_Ceiling_Corner.json">
  </mod>
  <mod file="\Moria\Mods\TobiPack\Constructions\Icons\T_UI_BuildIcon_TobiPack_DecoratedArch_A.json">
  </mod>
  <mod file="\Moria\Mods\TobiPack\Constructions\Icons\T_UI_BuildIcon_TobiPack_DecoratedArch_B.json">
  </mod>
  <mod file="\Moria\Mods\TobiPack\Constructions\Icons\T_UI_BuildIcon_TobiPack_Floor_Wood.json">
  </mod>
  <mod file="\Moria\Mods\TobiPack\Constructions\Icons\T_UI_BuildIcon_TobiPack_LargeBrazier.json">
  </mod>
  <mod file="\Moria\Mods\UzbadPack\Constructions\Icons\T_UI_BuildIcon_UzbadPack_AngledWoodenFloor_A.json">
  </mod>
  <mod file="\Moria\Mods\UzbadPack\Constructions\Icons\T_UI_BuildIcon_UzbadPack_ChoppingBlock_A.json">
  </mod>
  <mod file="\Moria\Mods\UzbadPack\Constructions\Icons\T_UI_BuildIcon_UzbadPack_KitchenCauldron_A.json">
  </mod>
  <mod file="\Moria\Mods\UzbadPack\Constructions\Icons\T_UI_BuildIcon_UzbadPack_ThinWoodFloorTile_A.json">
  </mod>
  <mod file="\Moria\Mods\VasePack\BP_VasePack_Vase_A.json">
  </mod>
  <mod file="\Moria\Mods\VasePack\BP_VasePack_Vase_B.json">
  </mod>
  <mod file="\Moria\Mods\VasePack\BP_VasePack_Vase_C.json">
  </mod>
  <mod file="\Moria\Mods\VasePack\BP_VasePack_Vase_D.json">
  </mod>
  <mod file="\Moria\Mods\VasePack\BP_VasePack_Vase_E.json">
  </mod>
  <mod file="\Moria\Mods\VasePack\BP_VasePack_Vase_F.json">
  </mod>
  <mod file="\Moria\Mods\VasePack\BP_VasePack_Vase_G.json">
  </mod>
  <mod file="\Moria\Mods\VasePack\BP_VasePack_Vase_H.json">
  </mod>
  <mod file="\Moria\Mods\VasePack\Constructions\Icons\T_UI_BuildIcon_VasePack_Vase_A.json">
  </mod>
  <mod file="\Moria\Mods\VasePack\Constructions\Icons\T_UI_BuildIcon_VasePack_Vase_B.json">
  </mod>
  <mod file="\Moria\Mods\VasePack\Constructions\Icons\T_UI_BuildIcon_VasePack_Vase_C.json">
  </mod>
  <mod file="\Moria\Mods\VasePack\Constructions\Icons\T_UI_BuildIcon_VasePack_Vase_D.json">
  </mod>
  <mod file="\Moria\Mods\VasePack\Constructions\Icons\T_UI_BuildIcon_VasePack_Vase_E.json">
  </mod>
  <mod file="\Moria\Mods\VasePack\Constructions\Icons\T_UI_BuildIcon_VasePack_Vase_F.json">
  </mod>
  <mod file="\Moria\Mods\VasePack\Constructions\Icons\T_UI_BuildIcon_VasePack_Vase_G.json">
  </mod>
  <mod file="\Moria\Mods\VasePack\Constructions\Icons\T_UI_BuildIcon_VasePack_Vase_H.json">
  </mod>
  <mod file="\Moria\Mods\ZetaPack\BP_Archway_3x4m_DoorClosed_A.json">
  </mod>
  <mod file="\Moria\Mods\ZetaPack\BP_Column_1x2m_A_Base.json">
  </mod>
  <mod file="\Moria\Mods\ZetaPack\BP_Column_1x2m_A_Capital.json">
  </mod>
  <mod file="\Moria\Mods\ZetaPack\BP_Column_1x2m_A_Shaft.json">
  </mod>
  <mod file="\Moria\Mods\ZetaPack\BP_Floor_Stone_3x3m_A.json">
  </mod>
  <mod file="\Moria\Mods\ZetaPack\BP_Suburbs_Stairs_Medium_B.json">
  </mod>
  <mod file="\Moria\Mods\ZetaPack\BP_Suburbs_Wall_Thin_1x3m_A.json">
  </mod>
  <mod file="\Moria\Mods\ZetaPack\BP_Suburbs_Wall_Thin_1x3m_G.json">
  </mod>
  <mod file="\Moria\Mods\ZetaPack\BP_Suburbs_Wall_Thin_3x3m_A.json">
  </mod>
  <mod file="\Moria\Mods\ZetaPack\BP_Suburbs_Wall_Thin_Window_Small_B.json">
  </mod>
  <mod file="\Moria\Mods\ZetaPack\Constructions\Icons\T_UI_BuildIcon_ZetaPack_WhiteGraniteBarrier_A.json">
  </mod>
  <mod file="\Moria\Mods\ZetaPack\Constructions\Icons\T_UI_BuildIcon_ZetaPack_WhiteGraniteColumnBase_A.json">
  </mod>
  <mod file="\Moria\Mods\ZetaPack\Constructions\Icons\T_UI_BuildIcon_ZetaPack_WhiteGraniteColumnCapital_A.json">
  </mod>
  <mod file="\Moria\Mods\ZetaPack\Constructions\Icons\T_UI_BuildIcon_ZetaPack_WhiteGraniteColumnShaft_A.json">
  </mod>
  <mod file="\Moria\Mods\ZetaPack\Constructions\Icons\T_UI_BuildIcon_ZetaPack_WhiteGraniteDoor_A.json">
  </mod>
  <mod file="\Moria\Mods\ZetaPack\Constructions\Icons\T_UI_BuildIcon_ZetaPack_WhiteGraniteFloor_A.json">
  </mod>
  <mod file="\Moria\Mods\ZetaPack\Constructions\Icons\T_UI_BuildIcon_ZetaPack_WhiteGraniteStairs_A.json">
  </mod>
  <mod file="\Moria\Mods\ZetaPack\Constructions\Icons\T_UI_BuildIcon_ZetaPack_WhiteGraniteTrimedBarrier_A.json">
  </mod>
  <mod file="\Moria\Mods\ZetaPack\Constructions\Icons\T_UI_BuildIcon_ZetaPack_WhiteGraniteWall_A.json">
  </mod>
  <mod file="\Moria\Mods\ZetaPack\Constructions\Icons\T_UI_BuildIcon_ZetaPack_WhiteGraniteWindow_A.json">
  </mod>
  <mod file="\Moria\Mods\ZetaPack\Materials\MI_Suburbs_Door_A_Dest_White.json">
  </mod>
  <mod file="\Moria\Mods\ZetaPack\Materials\MI_Suburbs_Trim_Sheet_A_Breakable_White.json">
  </mod>
  <mod file="\Moria\Mods\ZetaPack\Materials\MI_Suburbs_Wall_Dest_White.json">
  </mod>
  <mod file="\Moria\Mods\ZetaPack\Materials\Textures\Generic_Stone_B.json">
  </mod>
  <mod file="\Moria\Mods\ZetaPack\Materials\Textures\Generic_Stone_C.json">
  </mod>
  <mod file="\Moria\Tech\Data\Building\DT_ConstructionRecipes.json">
  </mod>
  <mod file="\Moria\Tech\Data\Building\DT_Constructions.json">
  </mod>
  <mod file="\Moria\Tech\Data\Economy\DT_OfferDecks.json">
  </mod>
  <mod file="\Moria\Tech\Data\GameWorld\DT_Moria_Flora.json">
  </mod>
  <mod file="\Moria\Tech\Data\Items\DT_Armor.json">
  </mod>
  <mod file="\Moria\Tech\Data\Items\DT_ItemRecipes.json">
  </mod>
  <mod file="\Moria\Tech\Data\Items\DT_Items.json">
  </mod>
  <mod file="\Moria\Tech\Data\Items\DT_Tools.json">
  </mod>
  <mod file="\Moria\Tech\Data\Items\DT_Weapons.json">
  </mod>
</definition>